 ,Area,Mean,StdDev,Min,Max,Perim.,Major,Minor,Angle,Circ.,%Area,AR,Round,Solidity
1,0.383,0,0,0,0,2.340,0.896,0.544,142.916,0.880,100,1.646,0.607,0.893
2,0.418,0,0,0,0,2.495,0.987,0.540,4.852,0.844,100,1.828,0.547,0.919
3,0.227,0,0,0,0,1.741,0.579,0.498,106.620,0.939,100,1.163,0.860,0.881
4,0.309,0,0,0,0,2.005,0.679,0.580,114.062,0.966,100,1.172,0.854,0.910
5,0.375,0,0,0,0,2.363,0.898,0.531,105.672,0.843,100,1.692,0.591,0.896
6,0.375,0,0,0,0,2.308,0.829,0.575,88.332,0.884,100,1.441,0.694,0.920
7,0.671,0,0,0,0,3.141,1.073,0.796,152.280,0.854,100,1.347,0.742,0.895
8,0.941,0,0,0,0,4.416,1.924,0.623,129.414,0.606,100,3.090,0.324,0.842
9,0.357,0,0,0,0,2.231,0.856,0.531,112.324,0.902,100,1.612,0.620,0.921
10,0.462,0,0,0,0,2.511,0.966,0.608,123.487,0.920,100,1.589,0.629,0.930
11,0.688,0,0,0,0,3.335,1.265,0.693,67.470,0.778,100,1.827,0.547,0.888
12,0.340,0,0,0,0,2.137,0.713,0.607,34.343,0.935,100,1.176,0.850,0.912
13,0.266,0,0,0,0,1.944,0.647,0.523,33.197,0.883,100,1.238,0.808,0.871
14,0.409,0,0,0,0,2.340,0.752,0.693,117.447,0.940,100,1.085,0.922,0.895
15,0.527,0,0,0,0,2.984,1.239,0.542,75.266,0.744,100,2.287,0.437,0.893
16,0.571,0,0,0,0,3.093,1.282,0.567,105.709,0.749,100,2.261,0.442,0.907
17,0.858,0,0,0,0,3.489,1.230,0.888,37.392,0.886,100,1.384,0.722,0.936
18,0.305,0,0,0,0,2.044,0.681,0.570,85.892,0.917,100,1.194,0.837,0.909
19,0.240,0,0,0,0,1.780,0.630,0.484,80.248,0.950,100,1.300,0.769,0.902
20,0.470,0,0,0,0,2.907,1.181,0.507,109.355,0.700,100,2.328,0.430,0.871
21,0.723,0,0,0,0,3.451,1.387,0.664,71.911,0.763,100,2.089,0.479,0.905
22,0.362,0,0,0,0,2.247,0.796,0.578,107.729,0.900,100,1.377,0.726,0.888
23,0.357,0,0,0,0,2.231,0.793,0.574,84.105,0.902,100,1.382,0.723,0.901
24,0.366,0,0,0,0,2.137,0.728,0.640,133.318,1.000,100,1.137,0.879,0.939
25,0.283,0,0,0,0,2.005,0.736,0.490,85.327,0.885,100,1.501,0.666,0.909
26,0.218,0,0,0,0,1.648,0.562,0.493,137.193,1.000,100,1.140,0.877,0.917
27,0.261,0,0,0,0,1.835,0.637,0.522,114.420,0.976,100,1.220,0.819,0.909
28,0.444,0,0,0,0,2.852,1.202,0.471,100.304,0.686,100,2.552,0.392,0.846
29,0.335,0,0,0,0,2.099,0.709,0.602,88.601,0.957,100,1.177,0.849,0.917
30,0.266,0,0,0,0,1.928,0.617,0.549,92.148,0.898,100,1.124,0.890,0.865
31,0.340,0,0,0,0,2.153,0.743,0.582,30.366,0.921,100,1.276,0.783,0.881
32,0.340,0,0,0,0,2.099,0.707,0.612,30.499,0.969,100,1.156,0.865,0.907
33,0.396,0,0,0,0,2.379,0.888,0.568,58.938,0.880,100,1.563,0.640,0.897
34,0.340,0,0,0,0,2.231,0.751,0.576,162.381,0.858,100,1.305,0.766,0.872
35,0.658,0,0,0,0,3.863,1.568,0.534,20.006,0.554,100,2.936,0.341,0.789
36,0.967,0,0,0,0,3.940,1.445,0.852,97.431,0.783,100,1.695,0.590,0.912
37,0.409,0,0,0,0,2.581,0.973,0.536,63.815,0.772,100,1.815,0.551,0.862
38,0.270,0,0,0,0,2.021,0.605,0.569,55.261,0.831,100,1.063,0.941,0.886
39,0.257,0,0,0,0,1.928,0.588,0.557,178.828,0.869,100,1.057,0.946,0.874
40,0.488,0,0,0,0,2.697,1.004,0.619,153.885,0.843,100,1.623,0.616,0.903
41,0.453,0,0,0,0,2.604,0.920,0.627,94.328,0.839,100,1.468,0.681,0.897
42,0.405,0,0,0,0,2.768,0.828,0.623,153.640,0.664,100,1.329,0.752,0.838
43,0.166,0,0,0,0,2.340,0.559,0.377,163.265,0.380,100,1.480,0.675,0.691
44,0.545,0,0,0,0,3.257,1.218,0.569,22.113,0.645,100,2.139,0.467,0.817
45,0.292,0,0,0,0,2.060,0.737,0.504,50.515,0.864,100,1.461,0.684,0.876
46,0.052,0,0,0,0,0.956,0.355,0.187,90.000,0.719,100,1.897,0.527,0.800
47,0.902,0,0,0,0,3.669,1.278,0.898,117.198,0.842,100,1.423,0.703,0.896
48,0.523,0,0,0,0,4.136,1.094,0.608,119.665,0.384,100,1.798,0.556,0.628
49,0.340,0,0,0,0,2.083,0.718,0.602,119.310,0.984,100,1.193,0.838,0.957
50,0.261,0,0,0,0,1.835,0.591,0.563,79.048,0.976,100,1.049,0.953,0.889
51,2.531,0,0,0,0,6.226,1.857,1.736,4.424,0.821,100,1.070,0.935,0.939
52,0.322,0,0,0,0,2.076,0.661,0.620,104.999,0.940,100,1.066,0.938,0.897
53,0.383,0,0,0,0,2.340,0.934,0.523,36.386,0.880,100,1.786,0.560,0.907
54,0.470,0,0,0,0,2.627,1.080,0.554,95.362,0.857,100,1.949,0.513,0.947
55,1.037,0,0,0,0,4.033,1.571,0.840,8.628,0.801,100,1.870,0.535,0.932
56,0.858,0,0,0,0,4.220,1.804,0.606,16.926,0.606,100,2.978,0.336,0.833
57,0.296,0,0,0,0,2.005,0.736,0.512,87.034,0.926,100,1.438,0.696,0.913
58,0.566,0,0,0,0,2.791,0.927,0.777,102.543,0.914,100,1.193,0.838,0.909
59,0.396,0,0,0,0,2.395,0.955,0.528,50.696,0.869,100,1.808,0.553,0.897
60,0.653,0,0,0,0,3.647,1.526,0.545,133.059,0.617,100,2.798,0.357,0.845
61,0.383,0,0,0,0,2.285,0.774,0.631,99.467,0.922,100,1.226,0.815,0.898
62,0.405,0,0,0,0,2.379,0.830,0.621,73.393,0.900,100,1.335,0.749,0.890
63,0.832,0,0,0,0,3.708,1.384,0.766,21.513,0.760,100,1.807,0.553,0.888
64,0.388,0,0,0,0,2.488,0.898,0.550,44.837,0.787,100,1.634,0.612,0.860
65,0.335,0,0,0,0,2.192,0.788,0.542,5.594,0.877,100,1.454,0.688,0.870
66,0.261,0,0,0,0,1.819,0.610,0.545,165.402,0.993,100,1.119,0.893,0.930
67,0.309,0,0,0,0,2.044,0.742,0.531,84.890,0.930,100,1.397,0.716,0.916
68,1.137,0,0,0,0,4.027,1.357,1.067,156.505,0.881,100,1.272,0.786,0.926
69,0.523,0,0,0,0,2.907,1.185,0.562,80.379,0.777,100,2.110,0.474,0.879
70,0.549,0,0,0,0,2.791,0.954,0.732,35.746,0.886,100,1.303,0.767,0.897
71,0.401,0,0,0,0,2.511,0.954,0.535,14.407,0.799,100,1.785,0.560,0.876
72,0.196,0,0,0,0,1.539,0.500,0.500,0.000,1.000,100,1.000,1.000,0.957
73,1.294,0,0,0,0,4.297,1.379,1.194,153.965,0.880,100,1.155,0.866,0.949
74,0.200,0,0,0,0,1.835,0.529,0.482,71.425,0.748,100,1.097,0.911,0.844
75,0.649,0,0,0,0,3.357,1.410,0.586,0.568,0.724,100,2.405,0.416,0.911
76,0.309,0,0,0,0,1.967,0.673,0.585,5.851,1.000,100,1.151,0.869,0.922
77,0.287,0,0,0,0,1.967,0.639,0.573,35.521,0.934,100,1.115,0.897,0.910
78,0.331,0,0,0,0,2.099,0.733,0.575,14.154,0.944,100,1.275,0.784,0.899
79,0.819,0,0,0,0,3.724,1.212,0.860,106.617,0.742,100,1.409,0.710,0.866
80,0.253,0,0,0,0,1.873,0.668,0.481,116.306,0.905,100,1.389,0.720,0.885
81,0.680,0,0,0,0,3.280,1.008,0.859,18.859,0.794,100,1.173,0.852,0.891
82,0.383,0,0,0,0,2.395,0.745,0.655,169.119,0.840,100,1.139,0.878,0.884
83,0.292,0,0,0,0,4.790,0.622,0.598,83.136,0.160,100,1.040,0.962,0.380
84,0.536,0,0,0,0,2.752,0.954,0.715,58.469,0.889,100,1.333,0.750,0.914
85,0.427,0,0,0,0,2.440,0.785,0.692,144.157,0.901,100,1.135,0.881,0.925
86,0.510,0,0,0,0,2.900,1.245,0.521,133.371,0.761,100,2.388,0.419,0.890
87,0.335,0,0,0,0,2.231,0.855,0.499,78.036,0.847,100,1.712,0.584,0.901
88,0.484,0,0,0,0,2.659,0.971,0.634,40.602,0.860,100,1.531,0.653,0.881
89,0.274,0,0,0,0,2.021,0.655,0.534,2.976,0.844,100,1.227,0.815,0.840
90,0.179,0,0,0,0,1.532,0.487,0.467,45.004,0.956,100,1.045,0.957,0.863
91,1.446,0,0,0,0,5.411,1.637,1.125,58.578,0.621,100,1.455,0.687,0.862
92,0.362,0,0,0,0,2.247,0.863,0.534,37.522,0.900,100,1.616,0.619,0.912
93,0.335,0,0,0,0,2.153,0.716,0.596,77.657,0.909,100,1.201,0.833,0.895
94,0.253,0,0,0,0,1.835,0.582,0.553,119.389,0.943,100,1.052,0.951,0.906
95,0.636,0,0,0,0,3.528,1.451,0.558,78.853,0.642,100,2.599,0.385,0.874
96,0.301,0,0,0,0,1.967,0.642,0.596,62.854,0.976,100,1.076,0.929,0.914
97,0.732,0,0,0,0,4.828,1.102,0.846,132.149,0.394,100,1.303,0.768,0.680
98,0.531,0,0,0,0,3.467,1.248,0.542,74.695,0.556,100,2.303,0.434,0.833
99,0.915,0,0,0,0,4.345,1.347,0.865,120.287,0.609,100,1.557,0.642,0.778
100,0.348,0,0,0,0,2.153,0.781,0.568,126.647,0.944,100,1.375,0.727,0.914
101,0.030,0,0,0,0,0.692,0.220,0.176,33.401,0.800,100,1.247,0.802,0.824
102,0.287,0,0,0,0,1.967,0.641,0.571,90.842,0.934,100,1.124,0.890,0.892
103,0.436,0,0,0,0,2.479,0.979,0.566,1.973,0.891,100,1.729,0.578,0.957
104,0.579,0,0,0,0,3.428,1.281,0.576,2.386,0.619,100,2.225,0.449,0.864
105,0.283,0,0,0,0,1.873,0.618,0.583,5.962,1.000,100,1.059,0.944,0.922
106,0.344,0,0,0,0,2.153,0.732,0.599,43.606,0.933,100,1.223,0.818,0.893
107,0.780,0,0,0,0,3.576,1.101,0.902,4.457,0.766,100,1.220,0.820,0.888
108,0.261,0,0,0,0,1.796,0.629,0.529,50.060,1.000,100,1.189,0.841,0.902
109,1.485,0,0,0,0,5.092,1.532,1.234,22.125,0.720,100,1.242,0.805,0.902
110,0.527,0,0,0,0,2.977,1.123,0.598,149.772,0.747,100,1.879,0.532,0.846
111,1.241,0,0,0,0,4.577,1.842,0.858,12.819,0.745,100,2.146,0.466,0.921
112,0.470,0,0,0,0,2.611,1.051,0.570,90.031,0.867,100,1.845,0.542,0.960
113,0.605,0,0,0,0,2.939,0.979,0.788,42.498,0.881,100,1.242,0.805,0.908
114,1.220,0,0,0,0,7.558,2.163,0.718,17.182,0.268,100,3.012,0.332,0.680
115,1.838,0,0,0,0,9.244,1.665,1.406,22.748,0.270,100,1.184,0.844,0.679
116,0.061,0,0,0,0,1.812,0.362,0.214,145.470,0.233,100,1.692,0.591,0.431
117,0.044,0,0,0,0,0.747,0.262,0.211,45.000,0.982,100,1.241,0.806,0.800
118,0.030,0,0,0,0,0.879,0.220,0.176,30.473,0.496,100,1.249,0.801,0.583
119,0.109,0,0,0,0,2.565,0.384,0.361,145.449,0.208,100,1.063,0.941,0.442
120,0.484,0,0,0,0,2.643,1.056,0.583,112.164,0.870,100,1.812,0.552,0.914
121,0.605,0,0,0,0,3.257,1.385,0.557,49.737,0.717,100,2.487,0.402,0.883
122,0.545,0,0,0,0,3.148,1.317,0.526,109.361,0.690,100,2.502,0.400,0.877
123,0.314,0,0,0,0,2.208,0.735,0.544,16.754,0.808,100,1.352,0.740,0.867
124,0.309,0,0,0,0,2.060,0.664,0.593,91.502,0.916,100,1.118,0.894,0.910
125,0.597,0,0,0,0,2.884,1.004,0.757,170.113,0.902,100,1.326,0.754,0.910
126,0.414,0,0,0,0,2.495,0.984,0.536,99.995,0.836,100,1.836,0.545,0.918
127,0.375,0,0,0,0,2.379,0.892,0.534,33.448,0.832,100,1.670,0.599,0.887
128,0.571,0,0,0,0,2.945,1.143,0.636,82.589,0.827,100,1.797,0.557,0.913
129,0.897,0,0,0,0,3.653,1.138,1.004,101.606,0.845,100,1.133,0.883,0.918
130,0.449,0,0,0,0,2.456,0.776,0.737,104.914,0.935,100,1.053,0.950,0.920
131,0.335,0,0,0,0,2.247,0.773,0.553,61.951,0.835,100,1.398,0.715,0.865
132,0.867,0,0,0,0,3.824,1.560,0.707,155.594,0.745,100,2.205,0.454,0.907
133,1.381,0,0,0,0,4.555,1.576,1.116,13.357,0.836,100,1.413,0.708,0.915
134,0.492,0,0,0,0,2.813,1.110,0.565,11.385,0.781,100,1.967,0.508,0.879
135,0.588,0,0,0,0,3.125,1.235,0.606,49.089,0.756,100,2.036,0.491,0.874
136,0.383,0,0,0,0,2.324,0.841,0.580,29.583,0.892,100,1.451,0.689,0.907
137,0.327,0,0,0,0,2.115,0.749,0.555,49.490,0.918,100,1.349,0.741,0.877
138,0.283,0,0,0,0,1.967,0.620,0.581,105.499,0.920,100,1.066,0.938,0.884
139,0.266,0,0,0,0,1.835,0.619,0.546,29.297,0.992,100,1.134,0.882,0.897
140,0.026,0,0,0,0,0.731,0.344,0.097,7.466,0.615,100,3.550,0.282,0.750
141,0.344,0,0,0,0,2.285,0.725,0.604,172.461,0.828,100,1.199,0.834,0.898
142,0.418,0,0,0,0,2.659,1.019,0.523,176.905,0.743,100,1.949,0.513,0.897
143,0.270,0,0,0,0,1.967,0.612,0.562,172.340,0.877,100,1.088,0.919,0.899
144,0.444,0,0,0,0,2.620,1.003,0.564,117.463,0.813,100,1.778,0.563,0.868
145,0.261,0,0,0,0,1.889,0.614,0.542,162.387,0.920,100,1.134,0.882,0.857
146,3.568,0,0,0,0,11.047,2.803,1.620,27.900,0.367,100,1.730,0.578,0.828
147,0.362,0,0,0,0,2.153,0.774,0.595,24.333,0.980,100,1.300,0.769,0.912
148,0.597,0,0,0,0,3.148,1.193,0.637,77.833,0.757,100,1.874,0.534,0.881
149,0.505,0,0,0,0,2.845,1.104,0.583,153.853,0.784,100,1.893,0.528,0.872
150,1.703,0,0,0,0,5.076,1.682,1.290,69.169,0.831,100,1.304,0.767,0.927
151,0.270,0,0,0,0,2.005,0.649,0.530,98.796,0.844,100,1.224,0.817,0.892
152,0.292,0,0,0,0,2.060,0.719,0.517,10.482,0.864,100,1.392,0.719,0.882
153,0.466,0,0,0,0,2.713,0.967,0.614,29.038,0.796,100,1.575,0.635,0.870
154,0.466,0,0,0,0,2.581,0.941,0.630,132.830,0.879,100,1.493,0.670,0.884
155,0.344,0,0,0,0,2.456,0.992,0.442,4.937,0.717,100,2.248,0.445,0.859
156,0.248,0,0,0,0,1.835,0.615,0.514,34.002,0.927,100,1.196,0.836,0.884
157,0.309,0,0,0,0,2.060,0.669,0.589,25.727,0.916,100,1.135,0.881,0.887
158,0.161,0,0,0,0,1.423,0.461,0.445,45.000,1.000,100,1.035,0.967,0.892
159,0.958,0,0,0,0,4.416,1.237,0.986,81.316,0.617,100,1.254,0.797,0.854
160,0.274,0,0,0,0,1.967,0.696,0.502,33.061,0.892,100,1.387,0.721,0.887
161,0.283,0,0,0,0,2.192,0.789,0.457,84.168,0.740,100,1.727,0.579,0.844
162,0.462,0,0,0,0,2.433,0.801,0.734,134.994,0.980,100,1.092,0.916,0.914
163,0.196,0,0,0,0,1.539,0.500,0.500,0.000,1.000,100,1.000,1.000,0.957
164,0.401,0,0,0,0,2.417,0.883,0.578,46.749,0.862,100,1.528,0.654,0.911
165,0.179,0,0,0,0,1.477,0.495,0.459,105.025,1.000,100,1.078,0.928,0.882
166,0.166,0,0,0,0,1.555,0.479,0.440,90.000,0.861,100,1.089,0.918,0.884
167,0.518,0,0,0,0,2.588,0.894,0.739,175.808,0.973,100,1.210,0.827,0.937
168,0.166,0,0,0,0,1.516,0.500,0.422,116.728,0.905,100,1.186,0.843,0.854
169,0.366,0,0,0,0,2.472,0.821,0.567,10.296,0.752,100,1.447,0.691,0.875
170,0.335,0,0,0,0,2.581,0.859,0.497,122.504,0.633,100,1.728,0.579,0.786
171,0.436,0,0,0,0,2.713,0.838,0.662,119.335,0.743,100,1.267,0.789,0.855
172,0.383,0,0,0,0,2.823,1.205,0.405,41.615,0.605,100,2.975,0.336,0.779
173,0.688,0,0,0,0,3.599,1.302,0.673,134.611,0.668,100,1.935,0.517,0.832
174,0.287,0,0,0,0,1.989,0.698,0.524,105.499,0.913,100,1.332,0.751,0.923
175,0.706,0,0,0,0,3.335,1.324,0.679,42.158,0.797,100,1.951,0.512,0.915
176,0.170,0,0,0,0,1.555,0.517,0.418,133.837,0.883,100,1.237,0.808,0.857
177,0.579,0,0,0,0,3.187,1.136,0.650,164.004,0.717,100,1.748,0.572,0.872
178,0.118,0,0,0,0,1.181,0.426,0.352,77.508,1.000,100,1.210,0.826,0.947
179,0.205,0,0,0,0,1.648,0.577,0.452,90.000,0.947,100,1.278,0.782,0.887
180,0.192,0,0,0,0,1.571,0.508,0.481,57.175,0.976,100,1.057,0.946,0.863
181,0.152,0,0,0,0,1.384,0.506,0.384,51.714,1.000,100,1.317,0.760,0.875
182,0.183,0,0,0,0,1.555,0.542,0.430,58.836,0.951,100,1.261,0.793,0.884
183,0.274,0,0,0,0,2.137,0.878,0.398,66.214,0.755,100,2.208,0.453,0.875
184,0.492,0,0,0,0,2.643,1.062,0.590,159.480,0.886,100,1.799,0.556,0.926
185,0.157,0,0,0,0,1.384,0.458,0.436,108.435,1.000,100,1.050,0.953,0.889
186,0.209,0,0,0,0,1.703,0.567,0.470,42.443,0.906,100,1.207,0.828,0.889
187,0.213,0,0,0,0,1.648,0.544,0.500,53.582,0.988,100,1.089,0.918,0.899
188,0.170,0,0,0,0,1.461,0.544,0.398,71.565,1.000,100,1.366,0.732,0.929
189,0.200,0,0,0,0,1.609,0.566,0.450,73.412,0.972,100,1.258,0.795,0.893
190,0.536,0,0,0,0,3.155,1.366,0.499,86.406,0.677,100,2.737,0.365,0.901
191,0.375,0,0,0,0,2.417,0.830,0.575,9.353,0.806,100,1.445,0.692,0.864
192,0.431,0,0,0,0,2.736,1.143,0.480,160.474,0.724,100,2.379,0.420,0.872
193,0.283,0,0,0,0,2.076,0.798,0.452,37.554,0.826,100,1.765,0.566,0.850
194,0.475,0,0,0,0,2.511,0.856,0.706,63.591,0.946,100,1.213,0.825,0.912
195,0.044,0,0,0,0,0.972,0.331,0.167,59.698,0.579,100,1.980,0.505,0.690
196,0.414,0,0,0,0,2.665,1.104,0.477,89.307,0.732,100,2.314,0.432,0.936
197,0.231,0,0,0,0,1.741,0.609,0.483,160.662,0.957,100,1.261,0.793,0.883
198,0.279,0,0,0,0,2.060,0.772,0.460,61.058,0.825,100,1.680,0.595,0.865
199,0.270,0,0,0,0,1.967,0.696,0.494,13.917,0.877,100,1.409,0.710,0.873
200,0.122,0,0,0,0,1.197,0.417,0.372,154.202,1.000,100,1.122,0.892,0.889
201,0.183,0,0,0,0,1.539,0.542,0.430,0.000,0.971,100,1.259,0.794,0.933
202,0.340,0,0,0,0,2.301,0.966,0.448,49.522,0.806,100,2.156,0.464,0.897
203,0.501,0,0,0,0,3.000,1.201,0.531,168.927,0.699,100,2.262,0.442,0.878
204,0.479,0,0,0,0,2.472,0.828,0.737,146.333,0.985,100,1.124,0.890,0.924
205,0.266,0,0,0,0,1.912,0.725,0.467,82.964,0.913,100,1.554,0.643,0.904
206,0.301,0,0,0,0,1.967,0.750,0.510,16.502,0.976,100,1.470,0.680,0.920
207,0.597,0,0,0,0,3.389,1.119,0.679,142.083,0.653,100,1.647,0.607,0.859
208,0.775,0,0,0,0,3.389,1.162,0.850,153.737,0.848,100,1.367,0.732,0.918
209,1.951,0,0,0,0,5.939,2.100,1.183,106.301,0.695,100,1.775,0.563,0.907
210,0.035,0,0,0,0,0.824,0.364,0.122,23.109,0.645,100,2.982,0.335,0.727
211,1.150,0,0,0,0,5.434,1.957,0.748,7.184,0.489,100,2.615,0.382,0.753
212,0.549,0,0,0,0,2.752,1.054,0.663,147.751,0.911,100,1.590,0.629,0.923
213,1.673,0,0,0,0,8.843,4.078,0.522,168.760,0.269,100,7.808,0.128,0.816
214,0.227,0,0,0,0,1.741,0.577,0.500,121.103,0.939,100,1.156,0.865,0.881
215,0.244,0,0,0,0,1.780,0.588,0.528,105.770,0.967,100,1.114,0.897,0.896
216,0.675,0,0,0,0,3.444,1.057,0.814,107.225,0.715,100,1.298,0.770,0.876
217,0.287,0,0,0,0,1.951,0.622,0.588,98.245,0.949,100,1.058,0.945,0.910
218,0.453,0,0,0,0,2.417,0.820,0.703,167.989,0.974,100,1.166,0.858,0.920
219,0.527,0,0,0,0,3.109,1.114,0.603,74.787,0.685,100,1.849,0.541,0.864
220,0.462,0,0,0,0,2.549,0.941,0.624,112.997,0.893,100,1.508,0.663,0.910
221,0.161,0,0,0,0,1.423,0.482,0.425,65.743,1.000,100,1.134,0.882,0.892
222,0.261,0,0,0,0,1.873,0.664,0.501,144.104,0.936,100,1.324,0.755,0.889
223,0.283,0,0,0,0,1.928,0.736,0.490,52.956,0.957,100,1.502,0.666,0.915
224,0.754,0,0,0,0,4.191,1.585,0.605,120.673,0.539,100,2.617,0.382,0.785
225,0.196,0,0,0,0,1.555,0.601,0.415,80.141,1.000,100,1.446,0.691,0.928
226,0.309,0,0,0,0,2.324,0.896,0.439,3.201,0.720,100,2.040,0.490,0.877
227,0.174,0,0,0,0,1.571,0.537,0.413,164.208,0.887,100,1.301,0.768,0.851
228,0.666,0,0,0,0,3.357,1.304,0.651,103.072,0.743,100,2.003,0.499,0.884
229,0.327,0,0,0,0,2.099,0.745,0.559,95.079,0.932,100,1.333,0.750,0.904
230,0.915,0,0,0,0,4.493,1.421,0.820,88.583,0.569,100,1.734,0.577,0.855
231,0.170,0,0,0,0,1.477,0.474,0.456,144.217,0.978,100,1.040,0.962,0.857
232,0.571,0,0,0,0,2.977,1.207,0.602,53.815,0.809,100,2.006,0.498,0.913
233,0.161,0,0,0,0,1.384,0.453,0.453,0.000,1.000,100,1.000,1.000,0.902
234,0.353,0,0,0,0,2.456,1.022,0.439,92.761,0.735,100,2.326,0.430,0.895
235,0.166,0,0,0,0,1.477,0.463,0.455,90.000,0.953,100,1.019,0.981,0.844
236,0.950,0,0,0,0,4.291,1.844,0.656,156.216,0.648,100,2.813,0.355,0.890
237,0.231,0,0,0,0,1.687,0.611,0.481,8.758,1.000,100,1.268,0.788,0.938
238,0.431,0,0,0,0,2.659,1.107,0.496,128.603,0.767,100,2.233,0.448,0.865
239,0.893,0,0,0,0,3.901,1.472,0.772,157.056,0.737,100,1.905,0.525,0.861
240,0.501,0,0,0,0,3.039,1.240,0.514,102.485,0.682,100,2.412,0.415,0.888
241,0.362,0,0,0,0,2.269,0.722,0.637,137.025,0.882,100,1.133,0.882,0.917
242,0.157,0,0,0,0,1.461,0.459,0.435,44.189,0.923,100,1.056,0.947,0.867
243,0.222,0,0,0,0,1.687,0.595,0.476,0.283,0.981,100,1.250,0.800,0.911
244,0.139,0,0,0,0,1.461,0.628,0.283,110.611,0.820,100,2.223,0.450,0.877
245,0.327,0,0,0,0,2.588,1.057,0.393,69.563,0.613,100,2.688,0.372,0.806
246,0.044,0,0,0,0,0.879,0.348,0.159,58.437,0.709,100,2.187,0.457,0.741
247,0.183,0,0,0,0,1.555,0.487,0.478,102.332,0.951,100,1.018,0.982,0.884
248,0.379,0,0,0,0,2.379,0.942,0.512,36.207,0.842,100,1.839,0.544,0.883
249,0.039,0,0,0,0,0.917,0.396,0.126,155.457,0.585,100,3.134,0.319,0.750
250,0.388,0,0,0,0,2.247,0.812,0.608,156.138,0.965,100,1.335,0.749,0.913
251,1.032,0,0,0,0,3.901,1.424,0.923,107.089,0.852,100,1.543,0.648,0.928
252,0.666,0,0,0,0,3.203,1.169,0.726,34.000,0.816,100,1.610,0.621,0.892
253,0.248,0,0,0,0,1.835,0.626,0.505,159.745,0.927,100,1.239,0.807,0.870
254,0.549,0,0,0,0,3.164,1.229,0.569,160.547,0.689,100,2.160,0.463,0.872
255,0.375,0,0,0,0,2.285,0.796,0.599,125.377,0.901,100,1.329,0.752,0.891
256,0.287,0,0,0,0,1.951,0.630,0.581,90.318,0.949,100,1.084,0.922,0.917
257,0.192,0,0,0,0,1.780,0.635,0.384,13.753,0.760,100,1.654,0.605,0.838
258,0.296,0,0,0,0,2.044,0.736,0.512,104.877,0.891,100,1.436,0.696,0.907
259,0.170,0,0,0,0,1.477,0.481,0.450,103.823,0.978,100,1.070,0.934,0.857
260,0.396,0,0,0,0,2.247,0.802,0.629,139.988,0.987,100,1.275,0.785,0.924
261,0.283,0,0,0,0,2.005,0.711,0.507,73.476,0.885,100,1.404,0.712,0.897
262,0.148,0,0,0,0,1.329,0.453,0.416,86.182,1.000,100,1.090,0.917,0.907
263,0.305,0,0,0,0,2.324,0.896,0.433,14.554,0.709,100,2.066,0.484,0.838
264,0.213,0,0,0,0,1.632,0.570,0.477,70.344,1.000,100,1.196,0.836,0.942
265,0.392,0,0,0,0,2.324,0.760,0.657,76.190,0.912,100,1.158,0.864,0.914
266,0.449,0,0,0,0,2.565,0.856,0.667,136.535,0.857,100,1.284,0.779,0.892
267,0.601,0,0,0,0,3.241,1.348,0.568,60.145,0.719,100,2.373,0.421,0.887
268,1.093,0,0,0,0,3.769,1.274,1.092,83.408,0.967,100,1.166,0.857,0.954
269,0.131,0,0,0,0,1.329,0.472,0.352,81.829,0.929,100,1.342,0.745,0.857
270,0.187,0,0,0,0,1.593,0.577,0.413,82.110,0.927,100,1.396,0.717,0.925
271,1.241,0,0,0,0,4.049,1.263,1.251,50.081,0.951,100,1.010,0.991,0.947
272,0.287,0,0,0,0,2.472,0.941,0.389,59.216,0.591,100,2.418,0.414,0.763
273,0.475,0,0,0,0,2.456,0.854,0.708,146.676,0.989,100,1.206,0.829,0.936
274,0.213,0,0,0,0,1.648,0.591,0.460,131.104,0.988,100,1.284,0.779,0.907
275,0.492,0,0,0,0,2.852,1.214,0.516,7.750,0.760,100,2.353,0.425,0.922
276,0.157,0,0,0,0,1.423,0.465,0.429,70.032,0.974,100,1.084,0.922,0.878
277,0.231,0,0,0,0,1.687,0.611,0.481,81.242,1.000,100,1.268,0.788,0.938
278,0.370,0,0,0,0,2.440,0.982,0.480,91.762,0.781,100,2.048,0.488,0.934
279,0.418,0,0,0,0,2.527,0.806,0.661,89.516,0.823,100,1.220,0.820,0.897
280,0.610,0,0,0,0,3.257,1.392,0.558,127.980,0.722,100,2.496,0.401,0.903
281,0.209,0,0,0,0,1.648,0.528,0.504,34.532,0.967,100,1.048,0.954,0.897
282,0.388,0,0,0,0,3.109,0.724,0.682,97.176,0.504,100,1.061,0.943,0.774
283,0.444,0,0,0,0,2.704,1.062,0.533,85.469,0.764,100,1.994,0.502,0.915
284,0.209,0,0,0,0,1.609,0.536,0.497,32.717,1.000,100,1.079,0.927,0.906
285,0.296,0,0,0,0,2.021,0.626,0.602,172.483,0.911,100,1.040,0.961,0.901
286,0.309,0,0,0,0,2.192,0.854,0.461,63.504,0.809,100,1.851,0.540,0.877
287,0.479,0,0,0,0,2.759,1.115,0.547,76.134,0.791,100,2.037,0.491,0.913
288,0.867,0,0,0,0,4.011,1.398,0.789,97.586,0.677,100,1.771,0.565,0.898
289,0.183,0,0,0,0,1.664,0.523,0.446,48.727,0.830,100,1.173,0.852,0.808
290,0.710,0,0,0,0,3.428,1.287,0.702,122.925,0.759,100,1.832,0.546,0.888
291,0.244,0,0,0,0,1.780,0.585,0.531,91.151,0.967,100,1.103,0.907,0.903
292,0.732,0,0,0,0,3.187,1.160,0.803,44.145,0.906,100,1.444,0.692,0.939
293,0.274,0,0,0,0,1.912,0.674,0.519,19.995,0.943,100,1.300,0.770,0.913
294,1.316,0,0,0,0,4.291,1.585,1.057,54.887,0.898,100,1.500,0.667,0.941
295,0.379,0,0,0,0,2.379,0.866,0.557,23.192,0.842,100,1.553,0.644,0.866
296,0.322,0,0,0,0,2.099,0.727,0.564,120.340,0.920,100,1.288,0.776,0.908
297,0.457,0,0,0,0,2.697,0.959,0.607,6.251,0.790,100,1.580,0.633,0.868
298,0.950,0,0,0,0,3.863,1.546,0.782,68.540,0.800,100,1.978,0.506,0.932
299,0.510,0,0,0,0,2.923,1.122,0.579,6.878,0.750,100,1.939,0.516,0.880
300,0.488,0,0,0,0,2.549,0.836,0.743,81.231,0.943,100,1.125,0.889,0.914
301,0.222,0,0,0,0,1.741,0.576,0.491,107.228,0.921,100,1.173,0.852,0.879
302,0.497,0,0,0,0,2.549,0.807,0.784,63.783,0.960,100,1.029,0.972,0.931
303,0.152,0,0,0,0,1.423,0.480,0.404,29.651,0.947,100,1.189,0.841,0.886
304,0.810,0,0,0,0,4.587,1.615,0.639,51.623,0.484,100,2.529,0.395,0.697
305,0.488,0,0,0,0,3.016,1.219,0.509,130.739,0.674,100,2.393,0.418,0.833
306,0.083,0,0,0,0,1.011,0.421,0.251,135.000,1.000,100,1.679,0.596,0.905
307,0.588,0,0,0,0,3.296,1.147,0.653,168.258,0.680,100,1.758,0.569,0.828
308,0.240,0,0,0,0,1.796,0.605,0.504,20.863,0.933,100,1.202,0.832,0.866
309,0.379,0,0,0,0,2.479,1.012,0.477,75.464,0.775,100,2.122,0.471,0.916
310,0.170,0,0,0,0,1.477,0.491,0.441,22.461,0.978,100,1.113,0.898,0.876
311,0.802,0,0,0,0,3.911,1.285,0.794,157.031,0.659,100,1.619,0.618,0.838
312,0.170,0,0,0,0,1.477,0.522,0.414,49.455,0.978,100,1.262,0.792,0.867
313,0.322,0,0,0,0,2.137,0.850,0.483,86.075,0.887,100,1.759,0.569,0.937
314,0.331,0,0,0,0,2.115,0.784,0.538,124.227,0.930,100,1.457,0.686,0.889
315,0.566,0,0,0,0,3.232,1.395,0.517,98.663,0.681,100,2.697,0.371,0.932
316,0.283,0,0,0,0,1.873,0.685,0.526,109.550,1.000,100,1.302,0.768,0.929
317,0.270,0,0,0,0,1.873,0.600,0.573,110.331,0.967,100,1.048,0.954,0.905
318,0.157,0,0,0,0,1.445,0.505,0.395,100.411,0.943,100,1.279,0.782,0.923
319,0.157,0,0,0,0,1.796,0.569,0.351,120.427,0.611,100,1.621,0.617,0.758
320,0.723,0,0,0,0,3.885,1.138,0.809,168.067,0.602,100,1.406,0.711,0.816
321,0.937,0,0,0,0,5.643,1.593,0.748,123.906,0.370,100,2.129,0.470,0.653
322,0.523,0,0,0,0,3.064,0.857,0.777,155.535,0.700,100,1.102,0.907,0.819
323,0.192,0,0,0,0,1.593,0.534,0.457,88.789,0.949,100,1.169,0.856,0.898
324,1.538,0,0,0,0,5.176,1.598,1.225,77.072,0.721,100,1.304,0.767,0.887
325,0.396,0,0,0,0,2.401,0.986,0.512,174.118,0.864,100,1.925,0.520,0.919
326,0.022,0,0,0,0,0.653,0.172,0.161,134.999,0.641,100,1.064,0.940,0.667
327,0.048,0,0,0,0,1.104,0.393,0.155,39.722,0.494,100,2.536,0.394,0.647
328,0.157,0,0,0,0,1.500,0.558,0.358,104.962,0.876,100,1.561,0.641,0.878
329,1.333,0,0,0,0,4.275,1.387,1.223,154.817,0.917,100,1.134,0.882,0.933
330,1.594,0,0,0,0,4.851,1.478,1.373,132.289,0.851,100,1.077,0.929,0.934
331,0.492,0,0,0,0,2.945,1.190,0.527,81.380,0.713,100,2.258,0.443,0.890
332,0.335,0,0,0,0,2.176,0.823,0.519,98.247,0.890,100,1.586,0.630,0.917
333,0.536,0,0,0,0,2.736,0.884,0.772,164.889,0.899,100,1.146,0.873,0.921
334,0.174,0,0,0,0,1.516,0.509,0.436,138.501,0.953,100,1.166,0.858,0.879
335,0.292,0,0,0,0,1.967,0.641,0.580,147.533,0.948,100,1.106,0.905,0.887
336,0.166,0,0,0,0,1.461,0.535,0.394,134.297,0.974,100,1.360,0.735,0.916
337,0.283,0,0,0,0,2.005,0.785,0.459,77.920,0.885,100,1.708,0.585,0.915
338,0.192,0,0,0,0,1.664,0.528,0.462,110.827,0.870,100,1.143,0.875,0.830
339,1.507,0,0,0,0,5.060,1.956,0.981,74.567,0.740,100,1.994,0.501,0.914
340,1.041,0,0,0,0,4.011,1.564,0.847,61.564,0.813,100,1.846,0.542,0.926
341,0.362,0,0,0,0,2.192,0.764,0.603,59.832,0.946,100,1.267,0.789,0.912
342,0.492,0,0,0,0,2.681,1.036,0.605,168.853,0.860,100,1.714,0.584,0.904
343,0.370,0,0,0,0,2.247,0.834,0.565,159.158,0.922,100,1.475,0.678,0.904
344,0.462,0,0,0,0,2.681,1.085,0.542,103.509,0.807,100,2.002,0.500,0.910
345,0.575,0,0,0,0,3.055,1.221,0.599,64.498,0.774,100,2.038,0.491,0.892
346,0.222,0,0,0,0,1.648,0.582,0.486,101.951,1.000,100,1.199,0.834,0.919
347,0.619,0,0,0,0,3.032,0.974,0.809,84.810,0.845,100,1.204,0.831,0.887
348,0.357,0,0,0,0,2.231,0.764,0.595,87.104,0.902,100,1.283,0.779,0.901
349,0.741,0,0,0,0,3.451,1.394,0.677,8.358,0.781,100,2.060,0.485,0.916
350,0.283,0,0,0,0,2.021,0.706,0.510,108.586,0.871,100,1.384,0.722,0.867
351,0.270,0,0,0,0,2.131,0.828,0.416,126.321,0.748,100,1.992,0.502,0.832
352,0.392,0,0,0,0,2.263,0.728,0.686,145.301,0.962,100,1.061,0.943,0.914
353,0.619,0,0,0,0,3.373,1.436,0.548,63.524,0.683,100,2.619,0.382,0.877
354,0.248,0,0,0,0,2.153,0.837,0.378,120.076,0.673,100,2.218,0.451,0.786
355,0.266,0,0,0,0,1.873,0.676,0.501,100.589,0.951,100,1.349,0.741,0.904
356,0.283,0,0,0,0,1.912,0.646,0.558,137.686,0.973,100,1.159,0.863,0.922
357,0.240,0,0,0,0,1.780,0.675,0.452,105.203,0.950,100,1.492,0.670,0.917
358,0.344,0,0,0,0,2.153,0.696,0.630,66.856,0.933,100,1.105,0.905,0.883
359,0.401,0,0,0,0,2.285,0.726,0.702,148.883,0.964,100,1.034,0.967,0.906
360,0.287,0,0,0,0,1.967,0.690,0.531,106.034,0.934,100,1.300,0.769,0.910
361,0.292,0,0,0,0,1.967,0.649,0.572,49.545,0.948,100,1.135,0.881,0.899
362,0.222,0,0,0,0,1.741,0.569,0.497,106.635,0.921,100,1.146,0.873,0.872
363,0.409,0,0,0,0,2.324,0.729,0.716,42.772,0.953,100,1.018,0.982,0.913
364,0.266,0,0,0,0,1.889,0.615,0.550,148.456,0.935,100,1.118,0.894,0.884
365,0.261,0,0,0,0,1.819,0.663,0.502,90.000,0.993,100,1.321,0.757,0.938
366,0.396,0,0,0,0,2.231,0.739,0.683,111.163,1.000,100,1.083,0.923,0.933
367,1.390,0,0,0,0,4.851,1.498,1.181,15.777,0.742,100,1.268,0.788,0.899
368,0.157,0,0,0,0,1.757,0.560,0.357,165.888,0.638,100,1.569,0.637,0.783
369,0.379,0,0,0,0,2.456,0.974,0.495,95.642,0.789,100,1.966,0.509,0.879
370,0.335,0,0,0,0,2.231,0.801,0.533,102.088,0.847,100,1.502,0.666,0.885
371,0.335,0,0,0,0,2.192,0.868,0.492,126.196,0.877,100,1.763,0.567,0.906
372,0.183,0,0,0,0,1.500,0.495,0.470,122.178,1.000,100,1.052,0.950,0.933
373,0.344,0,0,0,0,2.153,0.754,0.581,162.444,0.933,100,1.298,0.771,0.924
374,0.270,0,0,0,0,1.873,0.600,0.573,69.669,0.967,100,1.048,0.954,0.905
375,0.179,0,0,0,0,1.500,0.541,0.420,6.438,0.997,100,1.287,0.777,0.943
376,0.379,0,0,0,0,2.340,0.922,0.523,138.665,0.870,100,1.763,0.567,0.888
377,1.228,0,0,0,0,5.038,1.387,1.128,3.879,0.608,100,1.230,0.813,0.847
378,0.357,0,0,0,0,2.472,1.030,0.442,150.777,0.734,100,2.333,0.429,0.850
379,0.152,0,0,0,0,1.423,0.447,0.434,105.715,0.947,100,1.030,0.970,0.864
380,0.248,0,0,0,0,1.780,0.615,0.514,100.774,0.985,100,1.198,0.835,0.912
381,0.470,0,0,0,0,2.565,0.822,0.729,34.793,0.898,100,1.127,0.888,0.896
382,0.553,0,0,0,0,3.351,1.469,0.479,58.335,0.619,100,3.064,0.326,0.852
383,0.501,0,0,0,0,2.797,1.123,0.568,103.335,0.804,100,1.977,0.506,0.931
384,0.545,0,0,0,0,2.868,1.144,0.606,69.057,0.832,100,1.887,0.530,0.916
385,0.213,0,0,0,0,1.780,0.624,0.435,2.241,0.846,100,1.435,0.697,0.852
386,1.294,0,0,0,0,4.944,2.077,0.793,123.423,0.665,100,2.618,0.382,0.905
387,0.218,0,0,0,0,1.648,0.541,0.512,135.000,1.000,100,1.056,0.947,0.909
388,0.139,0,0,0,0,1.345,0.453,0.392,26.680,0.968,100,1.157,0.864,0.853
389,0.314,0,0,0,0,2.813,1.029,0.388,78.897,0.498,100,2.653,0.377,0.738
390,0.283,0,0,0,0,2.060,0.691,0.522,9.430,0.838,100,1.326,0.754,0.844
391,0.196,0,0,0,0,1.664,0.513,0.487,142.265,0.890,100,1.054,0.948,0.865
392,0.253,0,0,0,0,1.912,0.735,0.438,174.812,0.868,100,1.679,0.596,0.879
393,0.174,0,0,0,0,1.423,0.481,0.461,144.277,1.000,100,1.045,0.957,0.920
394,0.396,0,0,0,0,2.527,1.064,0.474,45.676,0.780,100,2.242,0.446,0.867
395,0.405,0,0,0,0,2.285,0.781,0.660,145.673,0.975,100,1.182,0.846,0.916
396,0.357,0,0,0,0,2.643,1.096,0.415,23.502,0.643,100,2.640,0.379,0.850
397,0.161,0,0,0,0,1.461,0.466,0.441,89.875,0.948,100,1.057,0.946,0.881
398,0.157,0,0,0,0,1.461,0.463,0.431,38.843,0.923,100,1.074,0.931,0.867
399,1.133,0,0,0,0,4.065,1.390,1.038,68.438,0.861,100,1.339,0.747,0.932
400,0.658,0,0,0,0,4.323,1.138,0.736,111.545,0.442,100,1.545,0.647,0.696
401,0.157,0,0,0,0,1.368,0.472,0.423,92.382,1.000,100,1.116,0.896,0.935
402,0.257,0,0,0,0,1.835,0.591,0.554,88.942,0.959,100,1.067,0.937,0.894
403,0.157,0,0,0,0,1.516,0.573,0.348,31.390,0.857,100,1.645,0.608,0.857
404,0.200,0,0,0,0,1.648,0.575,0.444,7.711,0.927,100,1.296,0.771,0.885
405,0.200,0,0,0,0,1.632,0.627,0.407,14.557,0.945,100,1.542,0.648,0.948
406,0.266,0,0,0,0,1.912,0.739,0.458,170.672,0.913,100,1.613,0.620,0.910
407,0.022,0,0,0,0,0.599,0.269,0.103,20.994,0.764,100,2.610,0.383,0.769
408,1.747,0,0,0,0,5.862,1.848,1.204,88.715,0.639,100,1.535,0.652,0.850
409,0.244,0,0,0,0,1.741,0.597,0.520,75.267,1.000,100,1.147,0.872,0.911
410,0.309,0,0,0,0,2.060,0.707,0.557,169.603,0.916,100,1.269,0.788,0.877
411,0.231,0,0,0,0,1.757,0.613,0.480,51.970,0.939,100,1.278,0.782,0.862
412,0.301,0,0,0,0,2.044,0.779,0.491,142.684,0.904,100,1.585,0.631,0.926
413,0.174,0,0,0,0,1.461,0.484,0.459,104.297,1.000,100,1.055,0.948,0.920
414,1.237,0,0,0,0,4.812,1.414,1.114,22.643,0.671,100,1.269,0.788,0.873
415,0.100,0,0,0,0,1.197,0.409,0.312,151.873,0.878,100,1.310,0.763,0.868
416,0.292,0,0,0,0,1.967,0.633,0.587,26.012,0.948,100,1.078,0.927,0.887
417,0.048,0,0,0,0,0.840,0.255,0.240,33.401,0.853,100,1.063,0.941,0.786
418,0.174,0,0,0,0,1.951,0.498,0.446,80.713,0.575,100,1.116,0.896,0.769
419,0.196,0,0,0,0,2.224,0.655,0.381,48.588,0.498,100,1.722,0.581,0.738
420,0.357,0,0,0,0,2.192,0.717,0.634,66.881,0.934,100,1.132,0.883,0.901
421,0.475,0,0,0,0,2.681,0.988,0.612,17.624,0.830,100,1.614,0.620,0.897
422,0.788,0,0,0,0,4.059,1.545,0.650,132.167,0.601,100,2.377,0.421,0.834
423,0.235,0,0,0,0,1.725,0.555,0.540,90.000,0.993,100,1.027,0.974,0.931
424,0.344,0,0,0,0,2.176,0.843,0.520,174.865,0.913,100,1.623,0.616,0.924
425,0.322,0,0,0,0,2.044,0.691,0.594,82.359,0.969,100,1.162,0.861,0.931
426,0.244,0,0,0,0,1.851,0.612,0.508,49.149,0.895,100,1.205,0.830,0.842
427,0.758,0,0,0,0,4.313,1.486,0.650,131.299,0.512,100,2.288,0.437,0.734
428,0.453,0,0,0,0,2.417,0.796,0.725,124.198,0.974,100,1.099,0.910,0.924
429,0.266,0,0,0,0,1.857,0.691,0.489,87.264,0.968,100,1.413,0.708,0.946
430,0.170,0,0,0,0,1.555,0.536,0.403,36.760,0.883,100,1.330,0.752,0.886
431,0.414,0,0,0,0,2.945,1.250,0.422,4.501,0.599,100,2.963,0.337,0.876
432,0.044,0,0,0,0,0.956,0.373,0.149,74.420,0.599,100,2.512,0.398,0.769
433,0.209,0,0,0,0,1.687,0.636,0.419,26.955,0.924,100,1.520,0.658,0.897
434,0.052,0,0,0,0,1.384,0.416,0.160,127.758,0.343,100,2.599,0.385,0.558
435,0.126,0,0,0,0,1.252,0.413,0.390,168.690,1.000,100,1.060,0.943,0.866
436,0.161,0,0,0,0,1.477,0.528,0.389,38.637,0.928,100,1.358,0.736,0.860
437,0.366,0,0,0,0,2.231,0.770,0.605,128.303,0.924,100,1.272,0.786,0.913
438,1.503,0,0,0,0,5.263,1.721,1.112,129.387,0.682,100,1.547,0.646,0.901
439,0.745,0,0,0,0,3.560,1.032,0.919,71.908,0.739,100,1.124,0.890,0.886
440,0.279,0,0,0,0,1.873,0.686,0.518,111.732,0.998,100,1.324,0.755,0.921
441,0.810,0,0,0,0,3.412,1.195,0.863,99.552,0.875,100,1.385,0.722,0.923
442,0.414,0,0,0,0,2.720,1.135,0.464,168.122,0.703,100,2.444,0.409,0.880
443,0.261,0,0,0,0,1.780,0.608,0.547,90.000,1.000,100,1.111,0.900,0.938
444,0.257,0,0,0,0,1.889,0.685,0.478,102.385,0.905,100,1.435,0.697,0.868
445,0.187,0,0,0,0,1.555,0.506,0.471,170.763,0.974,100,1.075,0.930,0.896
446,0.579,0,0,0,0,2.697,0.911,0.810,37.601,1.000,100,1.124,0.890,0.940
447,0.287,0,0,0,0,2.021,0.642,0.570,156.133,0.884,100,1.126,0.888,0.874
448,0.218,0,0,0,0,1.664,0.559,0.496,9.528,0.988,100,1.128,0.887,0.877
449,0.540,0,0,0,0,3.132,1.237,0.556,2.090,0.692,100,2.224,0.450,0.895
450,0.235,0,0,0,0,1.725,0.586,0.511,51.998,0.993,100,1.147,0.872,0.931
451,0.945,0,0,0,0,3.560,1.160,1.038,82.433,0.937,100,1.118,0.895,0.931
452,0.309,0,0,0,0,2.269,0.905,0.435,101.019,0.755,100,2.080,0.481,0.899
453,0.253,0,0,0,0,1.780,0.616,0.523,67.742,1.000,100,1.178,0.849,0.928
454,1.376,0,0,0,0,4.461,1.709,1.025,152.665,0.869,100,1.667,0.600,0.946
455,0.457,0,0,0,0,2.456,0.895,0.650,73.490,0.953,100,1.377,0.726,0.938
456,0.545,0,0,0,0,2.961,0.936,0.741,56.483,0.780,100,1.264,0.791,0.883
457,0.331,0,0,0,0,2.060,0.689,0.612,39.908,0.980,100,1.125,0.889,0.916
458,0.231,0,0,0,0,1.819,0.678,0.434,109.979,0.877,100,1.562,0.640,0.906
459,0.205,0,0,0,0,1.632,0.565,0.461,74.838,0.966,100,1.226,0.816,0.922
460,0.161,0,0,0,0,1.384,0.453,0.453,0.000,1.000,100,1.000,1.000,0.902
461,1.085,0,0,0,0,4.735,1.593,0.867,149.691,0.608,100,1.837,0.544,0.875
462,1.546,0,0,0,0,4.819,1.559,1.263,69.015,0.837,100,1.235,0.810,0.932
463,0.710,0,0,0,0,3.225,1.016,0.889,91.988,0.858,100,1.143,0.875,0.924
464,2.522,0,0,0,0,5.907,1.886,1.703,177.835,0.908,100,1.108,0.903,0.948
465,0.523,0,0,0,0,2.907,0.915,0.727,103.483,0.777,100,1.259,0.794,0.899
466,0.205,0,0,0,0,1.835,0.593,0.440,137.497,0.764,100,1.348,0.742,0.839
467,0.253,0,0,0,0,1.796,0.599,0.537,118.983,0.984,100,1.116,0.896,0.906
468,0.427,0,0,0,0,2.581,0.936,0.581,51.481,0.805,100,1.611,0.621,0.863
469,0.344,0,0,0,0,2.192,0.855,0.513,84.284,0.900,100,1.667,0.600,0.908
470,0.444,0,0,0,0,2.643,0.981,0.577,64.370,0.799,100,1.700,0.588,0.883
471,0.662,0,0,0,0,3.055,1.111,0.759,94.657,0.892,100,1.465,0.683,0.916
472,0.183,0,0,0,0,1.555,0.549,0.424,53.668,0.951,100,1.296,0.772,0.894
473,0.144,0,0,0,0,1.368,0.492,0.372,80.224,0.965,100,1.320,0.758,0.892
474,0.379,0,0,0,0,2.340,0.885,0.545,119.017,0.870,100,1.624,0.616,0.902
475,1.594,0,0,0,0,4.835,1.467,1.383,124.964,0.857,100,1.061,0.943,0.941
476,0.222,0,0,0,0,1.780,0.578,0.490,12.421,0.881,100,1.180,0.847,0.911
477,0.331,0,0,0,0,2.115,0.710,0.594,47.379,0.930,100,1.195,0.837,0.894
478,0.335,0,0,0,0,2.247,0.670,0.638,129.701,0.835,100,1.050,0.952,0.870
479,0.174,0,0,0,0,1.593,0.485,0.457,93.901,0.862,100,1.060,0.943,0.889
480,0.235,0,0,0,0,1.725,0.625,0.479,78.411,0.993,100,1.304,0.767,0.939
481,0.200,0,0,0,0,1.555,0.523,0.488,96.493,1.000,100,1.073,0.932,0.920
482,0.658,0,0,0,0,2.923,0.946,0.885,101.824,0.968,100,1.069,0.936,0.929
483,2.069,0,0,0,0,5.363,1.911,1.378,99.778,0.904,100,1.386,0.721,0.954
484,0.100,0,0,0,0,1.197,0.443,0.288,124.249,0.878,100,1.542,0.649,0.852
485,0.619,0,0,0,0,3.071,1.103,0.714,61.105,0.824,100,1.546,0.647,0.902
486,0.453,0,0,0,0,2.417,0.787,0.733,86.027,0.974,100,1.075,0.931,0.920
487,0.475,0,0,0,0,2.791,0.992,0.610,2.024,0.766,100,1.627,0.615,0.865
488,0.375,0,0,0,0,2.527,0.999,0.477,147.515,0.737,100,2.093,0.478,0.860
489,0.109,0,0,0,0,1.197,0.447,0.310,110.576,0.954,100,1.442,0.694,0.862
490,0.662,0,0,0,0,2.961,0.956,0.881,143.118,0.949,100,1.085,0.921,0.927
491,0.187,0,0,0,0,1.555,0.568,0.420,117.288,0.974,100,1.353,0.739,0.905
492,0.457,0,0,0,0,2.659,0.960,0.607,47.247,0.813,100,1.581,0.632,0.871
493,1.050,0,0,0,0,3.933,1.515,0.882,137.976,0.853,100,1.718,0.582,0.920
494,0.200,0,0,0,0,1.593,0.526,0.485,94.452,0.992,100,1.083,0.923,0.920
495,0.632,0,0,0,0,3.615,1.190,0.676,59.592,0.607,100,1.760,0.568,0.782
496,0.261,0,0,0,0,1.835,0.600,0.555,128.063,0.976,100,1.081,0.925,0.889
497,0.227,0,0,0,0,1.796,0.580,0.497,101.984,0.882,100,1.166,0.857,0.846
498,0.653,0,0,0,0,3.071,1.135,0.733,128.420,0.871,100,1.548,0.646,0.901
499,0.161,0,0,0,0,1.516,0.468,0.439,97.486,0.881,100,1.066,0.938,0.831
500,0.209,0,0,0,0,1.703,0.538,0.495,109.229,0.906,100,1.086,0.921,0.857
501,0.505,0,0,0,0,2.884,1.064,0.605,122.727,0.763,100,1.759,0.568,0.872
502,0.231,0,0,0,0,1.741,0.681,0.432,171.117,0.957,100,1.577,0.634,0.898
503,0.209,0,0,0,0,1.703,0.522,0.510,30.644,0.906,100,1.023,0.978,0.881
504,0.218,0,0,0,0,1.796,0.536,0.517,176.606,0.848,100,1.038,0.964,0.870
505,0.327,0,0,0,0,2.192,0.860,0.484,120.477,0.854,100,1.778,0.562,0.888
506,0.379,0,0,0,0,2.395,0.744,0.649,179.261,0.830,100,1.146,0.873,0.883
507,0.235,0,0,0,0,1.928,0.551,0.544,147.913,0.795,100,1.013,0.987,0.844
508,0.174,0,0,0,0,1.461,0.481,0.461,125.723,1.000,100,1.045,0.957,0.920
509,0.200,0,0,0,0,1.725,0.690,0.370,14.647,0.846,100,1.868,0.535,0.893
510,0.227,0,0,0,0,1.780,0.663,0.435,67.496,0.898,100,1.525,0.656,0.904
511,0.187,0,0,0,0,1.555,0.507,0.470,122.132,0.974,100,1.079,0.927,0.896
512,0.405,0,0,0,0,2.417,0.967,0.533,166.832,0.871,100,1.812,0.552,0.903
513,0.174,0,0,0,0,1.516,0.480,0.462,90.000,0.953,100,1.039,0.962,0.870
514,0.205,0,0,0,0,1.648,0.522,0.499,83.290,0.947,100,1.046,0.956,0.879
515,0.192,0,0,0,0,1.593,0.515,0.474,80.266,0.949,100,1.088,0.919,0.898
516,0.684,0,0,0,0,3.949,1.496,0.582,163.533,0.551,100,2.569,0.389,0.813
517,0.227,0,0,0,0,1.835,0.583,0.495,108.013,0.846,100,1.178,0.849,0.852
518,0.209,0,0,0,0,1.703,0.587,0.454,8.217,0.906,100,1.294,0.773,0.865
519,0.166,0,0,0,0,1.445,0.499,0.423,108.909,0.996,100,1.179,0.848,0.950
520,0.070,0,0,0,0,1.065,0.331,0.268,23.021,0.772,100,1.231,0.812,0.800
521,0.549,0,0,0,0,3.000,1.004,0.696,75.397,0.766,100,1.442,0.694,0.857
522,0.858,0,0,0,0,3.583,1.255,0.871,83.408,0.840,100,1.440,0.694,0.923
523,0.244,0,0,0,0,2.037,0.564,0.551,19.079,0.738,100,1.025,0.976,0.830
524,0.261,0,0,0,0,1.889,0.646,0.516,81.659,0.920,100,1.252,0.799,0.857
525,0.253,0,0,0,0,1.741,0.585,0.550,90.000,1.000,100,1.064,0.940,0.921
526,0.218,0,0,0,0,1.687,0.561,0.495,15.954,0.962,100,1.133,0.882,0.901
527,0.078,0,0,0,0,1.439,0.591,0.169,39.911,0.476,100,3.498,0.286,0.679
528,0.462,0,0,0,0,2.604,0.836,0.703,43.504,0.856,100,1.190,0.840,0.883
529,0.183,0,0,0,0,1.571,0.514,0.453,40.269,0.932,100,1.135,0.881,0.840
530,0.414,0,0,0,0,2.565,1.042,0.506,27.459,0.790,100,2.060,0.485,0.884
531,0.039,0,0,0,0,0.917,0.428,0.117,17.093,0.585,100,3.665,0.273,0.692
532,0.680,0,0,0,0,3.373,1.169,0.740,20.342,0.750,100,1.580,0.633,0.874
533,0.327,0,0,0,0,2.099,0.647,0.643,60.796,0.932,100,1.007,0.993,0.909
534,0.227,0,0,0,0,1.741,0.567,0.509,82.245,0.939,100,1.115,0.897,0.889
535,0.240,0,0,0,0,1.780,0.570,0.535,43.994,0.950,100,1.065,0.939,0.894
536,0.231,0,0,0,0,1.687,0.609,0.483,45.001,1.000,100,1.260,0.794,0.938
537,0.235,0,0,0,0,1.741,0.616,0.486,49.661,0.975,100,1.267,0.789,0.908
538,0.301,0,0,0,0,1.967,0.647,0.592,116.565,0.976,100,1.093,0.915,0.908
539,0.379,0,0,0,0,2.456,1.025,0.471,159.012,0.789,100,2.177,0.459,0.897
540,0.353,0,0,0,0,2.285,0.843,0.533,79.440,0.849,100,1.581,0.632,0.880
541,0.196,0,0,0,0,1.555,0.535,0.466,81.183,1.000,100,1.148,0.871,0.918
542,0.179,0,0,0,0,1.500,0.511,0.445,59.931,0.997,100,1.149,0.871,0.921
543,0.235,0,0,0,0,1.741,0.567,0.529,104.513,0.975,100,1.072,0.933,0.900
544,0.274,0,0,0,0,1.873,0.643,0.543,13.686,0.983,100,1.184,0.845,0.920
545,0.806,0,0,0,0,4.033,1.763,0.582,164.062,0.622,100,3.030,0.330,0.894
546,0.187,0,0,0,0,1.609,0.524,0.455,33.763,0.909,100,1.153,0.867,0.887
547,0.209,0,0,0,0,1.780,0.620,0.430,68.257,0.829,100,1.443,0.693,0.850
548,0.849,0,0,0,0,3.715,1.469,0.736,106.503,0.774,100,1.996,0.501,0.913
549,0.514,0,0,0,0,3.187,1.327,0.493,68.379,0.636,100,2.689,0.372,0.843
550,0.170,0,0,0,0,1.477,0.474,0.456,35.783,0.978,100,1.040,0.962,0.857
551,0.414,0,0,0,0,2.572,1.010,0.521,87.861,0.786,100,1.937,0.516,0.905
552,0.161,0,0,0,0,1.384,0.474,0.433,136.202,1.000,100,1.096,0.912,0.892
553,0.575,0,0,0,0,2.891,1.104,0.663,101.101,0.865,100,1.665,0.600,0.943
554,0.222,0,0,0,0,1.703,0.607,0.466,46.440,0.963,100,1.301,0.769,0.879
555,0.645,0,0,0,0,2.984,1.064,0.772,108.929,0.910,100,1.379,0.725,0.940
556,0.383,0,0,0,0,2.269,0.829,0.589,74.744,0.935,100,1.408,0.710,0.917
557,0.357,0,0,0,0,2.395,0.856,0.531,59.276,0.783,100,1.611,0.621,0.877
558,0.192,0,0,0,0,1.632,0.564,0.432,135.605,0.904,100,1.305,0.766,0.898
559,0.366,0,0,0,0,2.417,0.757,0.616,84.817,0.787,100,1.229,0.814,0.880
560,0.405,0,0,0,0,2.401,0.912,0.566,11.296,0.883,100,1.613,0.620,0.916
561,0.261,0,0,0,0,1.835,0.638,0.522,102.271,0.976,100,1.221,0.819,0.902
562,0.845,0,0,0,0,4.587,2.085,0.516,123.016,0.505,100,4.039,0.248,0.855
563,0.152,0,0,0,0,2.543,0.658,0.295,149.865,0.296,100,2.232,0.448,0.603
564,0.344,0,0,0,0,2.099,0.677,0.647,125.953,0.982,100,1.046,0.956,0.913
565,0.527,0,0,0,0,2.752,0.930,0.722,110.046,0.874,100,1.289,0.776,0.886
566,0.470,0,0,0,0,2.797,1.191,0.503,82.150,0.755,100,2.370,0.422,0.915
567,1.263,0,0,0,0,4.571,1.277,1.259,78.591,0.760,100,1.014,0.986,0.909
568,0.248,0,0,0,0,1.780,0.609,0.520,121.739,0.985,100,1.171,0.854,0.919
569,0.174,0,0,0,0,1.516,0.495,0.448,89.119,0.953,100,1.104,0.906,0.879
570,0.418,0,0,0,0,2.791,0.932,0.571,130.880,0.675,100,1.632,0.613,0.865
571,0.174,0,0,0,0,1.571,0.497,0.447,97.086,0.887,100,1.112,0.899,0.833
572,0.196,0,0,0,0,1.571,0.520,0.480,142.144,0.998,100,1.085,0.922,0.874
573,0.209,0,0,0,0,1.780,0.685,0.389,60.125,0.829,100,1.764,0.567,0.873
574,0.253,0,0,0,0,1.796,0.624,0.516,136.584,0.984,100,1.210,0.826,0.892
575,0.174,0,0,0,0,1.461,0.481,0.461,35.723,1.000,100,1.045,0.957,0.920
576,0.274,0,0,0,0,1.873,0.668,0.523,81.598,0.983,100,1.278,0.782,0.920
577,0.287,0,0,0,0,2.247,0.729,0.502,49.465,0.716,100,1.454,0.688,0.815
578,0.327,0,0,0,0,2.263,0.934,0.445,47.062,0.802,100,2.096,0.477,0.843
579,2.426,0,0,0,0,5.775,1.887,1.637,153.576,0.914,100,1.152,0.868,0.956
580,0.248,0,0,0,0,1.912,0.702,0.451,102.848,0.853,100,1.557,0.642,0.905
581,0.261,0,0,0,0,1.873,0.675,0.493,63.259,0.936,100,1.369,0.730,0.909
582,0.588,0,0,0,0,2.884,0.867,0.864,15.872,0.888,100,1.003,0.997,0.906
583,0.505,0,0,0,0,3.647,1.159,0.555,137.077,0.477,100,2.087,0.479,0.686
584,0.105,0,0,0,0,1.648,0.404,0.330,147.029,0.484,100,1.226,0.816,0.787
585,0.187,0,0,0,0,1.555,0.501,0.476,149.946,0.974,100,1.054,0.949,0.896
586,0.235,0,0,0,0,1.741,0.576,0.520,49.101,0.975,100,1.107,0.904,0.900
587,0.227,0,0,0,0,1.725,0.635,0.454,111.067,0.956,100,1.399,0.715,0.920
588,0.279,0,0,0,0,1.889,0.611,0.581,95.145,0.981,100,1.051,0.951,0.889
589,0.157,0,0,0,0,1.423,0.461,0.433,112.965,0.974,100,1.064,0.939,0.889
590,0.235,0,0,0,0,1.725,0.552,0.543,162.719,0.993,100,1.017,0.983,0.931
591,0.440,0,0,0,0,2.797,1.175,0.477,18.369,0.706,100,2.463,0.406,0.894
592,0.492,0,0,0,0,2.511,0.796,0.787,73.723,0.981,100,1.011,0.989,0.926
593,0.318,0,0,0,0,2.363,0.977,0.414,21.971,0.716,100,2.357,0.424,0.854
594,0.257,0,0,0,0,1.873,0.601,0.545,58.891,0.920,100,1.103,0.906,0.887
595,0.270,0,0,0,0,1.983,0.780,0.441,132.278,0.863,100,1.768,0.566,0.861
596,0.357,0,0,0,0,2.231,0.854,0.533,96.118,0.902,100,1.602,0.624,0.911
597,0.026,0,0,0,0,0.731,0.332,0.100,162.391,0.615,100,3.306,0.302,0.750
598,0.065,0,0,0,0,0.933,0.336,0.247,136.866,0.942,100,1.361,0.735,0.789
599,0.488,0,0,0,0,3.351,1.045,0.595,103.213,0.546,100,1.756,0.569,0.806
600,0.998,0,0,0,0,4.455,1.373,0.925,79.926,0.632,100,1.484,0.674,0.805
601,0.335,0,0,0,0,2.099,0.704,0.607,57.873,0.957,100,1.160,0.862,0.917
602,0.619,0,0,0,0,3.203,1.347,0.585,146.268,0.758,100,2.304,0.434,0.902
603,0.227,0,0,0,0,1.703,0.600,0.481,43.692,0.982,100,1.247,0.802,0.889
604,0.388,0,0,0,0,2.472,0.915,0.540,79.550,0.797,100,1.694,0.590,0.873
605,0.932,0,0,0,0,4.851,1.467,0.809,120.612,0.498,100,1.814,0.551,0.762
606,0.227,0,0,0,0,1.725,0.552,0.523,43.014,0.956,100,1.055,0.948,0.912
607,0.505,0,0,0,0,2.588,0.819,0.786,86.848,0.948,100,1.042,0.959,0.932
608,0.283,0,0,0,0,2.224,0.617,0.584,153.846,0.719,100,1.057,0.946,0.833
609,0.022,0,0,0,0,0.692,0.264,0.105,126.323,0.572,100,2.511,0.398,0.625
610,0.209,0,0,0,0,1.648,0.537,0.496,106.485,0.967,100,1.082,0.924,0.889
611,0.261,0,0,0,0,1.928,0.717,0.464,60.854,0.883,100,1.546,0.647,0.876
612,0.174,0,0,0,0,1.461,0.484,0.459,75.703,1.000,100,1.055,0.948,0.920
613,0.183,0,0,0,0,1.555,0.517,0.450,124.200,0.951,100,1.149,0.871,0.884
614,0.187,0,0,0,0,1.555,0.548,0.435,78.856,0.974,100,1.260,0.794,0.905
615,0.205,0,0,0,0,1.593,0.533,0.489,97.240,1.000,100,1.089,0.918,0.931
616,0.797,0,0,0,0,3.631,1.287,0.789,160.518,0.760,100,1.631,0.613,0.910
617,0.989,0,0,0,0,4.329,1.403,0.897,73.875,0.663,100,1.564,0.639,0.822
618,1.080,0,0,0,0,3.879,1.334,1.031,60.749,0.902,100,1.295,0.772,0.938
619,0.257,0,0,0,0,1.873,0.633,0.517,68.101,0.920,100,1.226,0.816,0.894
620,0.148,0,0,0,0,1.368,0.476,0.396,56.876,0.994,100,1.201,0.833,0.907
621,0.370,0,0,0,0,2.324,0.860,0.548,97.299,0.861,100,1.568,0.638,0.890
622,0.292,0,0,0,0,2.021,0.675,0.551,69.270,0.898,100,1.226,0.816,0.893
623,0.248,0,0,0,0,1.819,0.676,0.468,92.428,0.943,100,1.446,0.692,0.919
624,0.444,0,0,0,0,2.549,0.986,0.574,5.078,0.859,100,1.717,0.582,0.903
625,0.427,0,0,0,0,2.433,0.807,0.673,64.846,0.906,100,1.199,0.834,0.883
626,0.253,0,0,0,0,1.835,0.650,0.495,129.260,0.943,100,1.314,0.761,0.885
627,0.222,0,0,0,0,1.796,0.544,0.520,31.372,0.865,100,1.045,0.957,0.864
628,0.287,0,0,0,0,2.076,0.618,0.592,32.673,0.838,100,1.045,0.957,0.863
629,0.183,0,0,0,0,1.500,0.495,0.470,57.822,1.000,100,1.052,0.950,0.933
630,0.523,0,0,0,0,2.643,0.921,0.723,14.377,0.941,100,1.274,0.785,0.930
631,0.292,0,0,0,0,1.967,0.740,0.502,113.843,0.948,100,1.475,0.678,0.905
632,0.257,0,0,0,0,1.951,0.773,0.424,89.536,0.849,100,1.824,0.548,0.915
633,0.362,0,0,0,0,2.363,0.954,0.483,82.731,0.814,100,1.976,0.506,0.892
634,0.205,0,0,0,0,1.664,0.547,0.477,115.727,0.929,100,1.147,0.872,0.847
635,0.645,0,0,0,0,2.961,0.983,0.835,77.349,0.924,100,1.178,0.849,0.925
636,0.283,0,0,0,0,1.967,0.611,0.590,108.888,0.920,100,1.037,0.964,0.909
637,0.152,0,0,0,0,1.439,0.512,0.379,174.548,0.926,100,1.351,0.740,0.833
638,0.353,0,0,0,0,2.247,0.701,0.641,88.918,0.878,100,1.093,0.915,0.890
639,0.157,0,0,0,0,1.873,0.614,0.325,91.379,0.561,100,1.889,0.530,0.750
640,1.102,0,0,0,0,4.516,1.505,0.932,142.185,0.679,100,1.615,0.619,0.897
641,0.209,0,0,0,0,1.632,0.561,0.474,76.468,0.986,100,1.184,0.845,0.932
642,0.418,0,0,0,0,2.649,1.115,0.478,88.923,0.749,100,2.335,0.428,0.932
643,0.274,0,0,0,0,1.819,0.629,0.555,172.766,1.000,100,1.134,0.882,0.947
644,0.244,0,0,0,0,1.725,0.559,0.556,90.000,1.000,100,1.005,0.995,0.949
645,0.444,0,0,0,0,2.472,0.847,0.668,22.481,0.914,100,1.269,0.788,0.903
646,0.270,0,0,0,0,1.819,0.625,0.551,74.747,1.000,100,1.134,0.882,0.947
647,0.048,0,0,0,0,1.104,0.384,0.159,163.378,0.494,100,2.417,0.414,0.647
648,0.022,0,0,0,0,0.747,0.245,0.113,32.612,0.491,100,2.165,0.462,0.588
649,1.189,0,0,0,0,3.956,1.306,1.159,147.112,0.955,100,1.127,0.888,0.946
650,0.706,0,0,0,0,3.483,1.045,0.860,36.601,0.731,100,1.215,0.823,0.859
651,0.427,0,0,0,0,2.472,0.781,0.696,109.739,0.878,100,1.123,0.890,0.899
652,0.531,0,0,0,0,2.620,0.896,0.755,177.525,0.973,100,1.188,0.842,0.917
653,0.571,0,0,0,0,2.736,0.857,0.848,79.929,0.958,100,1.010,0.990,0.929
654,0.052,0,0,0,0,0.956,0.343,0.194,90.000,0.719,100,1.769,0.565,0.857
655,0.048,0,0,0,0,0.824,0.336,0.182,112.237,0.887,100,1.846,0.542,0.846
656,0.261,0,0,0,0,1.780,0.608,0.547,90.000,1.000,100,1.111,0.900,0.938
657,0.235,0,0,0,0,1.741,0.588,0.509,178.259,0.975,100,1.155,0.866,0.885
658,0.231,0,0,0,0,1.687,0.611,0.481,97.492,1.000,100,1.270,0.787,0.930
659,0.218,0,0,0,0,1.780,0.640,0.433,39.764,0.864,100,1.478,0.677,0.855
660,1.059,0,0,0,0,4.796,1.704,0.791,110.857,0.578,100,2.154,0.464,0.825
661,0.222,0,0,0,0,1.687,0.637,0.444,66.501,0.981,100,1.433,0.698,0.927
662,0.244,0,0,0,0,1.851,0.650,0.478,60.435,0.895,100,1.360,0.736,0.848
663,0.248,0,0,0,0,1.819,0.600,0.527,119.435,0.943,100,1.137,0.879,0.905
664,0.549,0,0,0,0,2.752,0.981,0.712,126.381,0.911,100,1.378,0.726,0.916
665,0.218,0,0,0,0,1.609,0.541,0.512,135.000,1.000,100,1.056,0.947,0.909
666,0.322,0,0,0,0,2.115,0.790,0.519,110.910,0.906,100,1.521,0.657,0.897
667,0.732,0,0,0,0,3.148,0.975,0.956,108.330,0.928,100,1.020,0.981,0.921
668,0.213,0,0,0,0,1.687,0.568,0.479,78.963,0.943,100,1.186,0.843,0.899
669,0.492,0,0,0,0,3.296,1.040,0.603,131.142,0.569,100,1.725,0.580,0.813
670,0.157,0,0,0,0,1.423,0.474,0.421,49.303,0.974,100,1.125,0.889,0.878
671,0.144,0,0,0,0,1.313,0.443,0.413,45.000,1.000,100,1.071,0.934,0.957
672,0.283,0,0,0,0,1.928,0.618,0.583,126.169,0.957,100,1.061,0.943,0.884
673,0.144,0,0,0,0,1.329,0.443,0.413,81.870,1.000,100,1.071,0.934,0.904
674,0.296,0,0,0,0,1.912,0.623,0.606,26.565,1.000,100,1.028,0.973,0.938
675,0.196,0,0,0,0,1.593,0.516,0.484,168.506,0.970,100,1.065,0.939,0.909
676,0.314,0,0,0,0,1.983,0.691,0.578,138.551,1.000,100,1.195,0.837,0.906
677,3.428,0,0,0,0,6.924,2.210,1.975,97.042,0.899,100,1.119,0.894,0.963
678,0.549,0,0,0,0,3.116,1.313,0.532,169.789,0.710,100,2.467,0.405,0.897
679,0.261,0,0,0,0,1.873,0.678,0.491,44.412,0.936,100,1.380,0.725,0.896
680,0.409,0,0,0,0,2.417,0.938,0.556,70.842,0.880,100,1.688,0.592,0.917
681,0.314,0,0,0,0,2.005,0.660,0.605,96.855,0.980,100,1.091,0.917,0.917
682,2.675,0,0,0,0,6.094,1.967,1.731,122.662,0.905,100,1.136,0.880,0.946
683,0.375,0,0,0,0,2.285,0.711,0.671,87.522,0.901,100,1.060,0.943,0.887
684,0.436,0,0,0,0,2.379,0.854,0.649,127.431,0.967,100,1.316,0.760,0.917
685,0.370,0,0,0,0,2.440,0.992,0.475,76.760,0.781,100,2.087,0.479,0.904
686,0.327,0,0,0,0,2.347,0.956,0.435,106.519,0.745,100,2.199,0.455,0.888
687,0.179,0,0,0,0,1.539,0.580,0.392,66.267,0.948,100,1.479,0.676,0.953
688,0.771,0,0,0,0,3.731,1.325,0.741,84.520,0.696,100,1.787,0.560,0.872
689,0.187,0,0,0,0,1.625,0.498,0.479,51.366,0.891,100,1.038,0.963,0.843
690,0.261,0,0,0,0,1.873,0.596,0.558,112.886,0.936,100,1.068,0.936,0.889
691,0.327,0,0,0,0,2.301,0.744,0.559,68.790,0.775,100,1.329,0.752,0.843
692,0.462,0,0,0,0,2.659,0.896,0.656,177.756,0.821,100,1.365,0.732,0.880
693,0.231,0,0,0,0,1.780,0.683,0.430,99.662,0.916,100,1.589,0.629,0.898
694,0.819,0,0,0,0,4.384,1.731,0.602,111.195,0.535,100,2.874,0.348,0.817
695,0.453,0,0,0,0,2.665,1.054,0.547,80.164,0.801,100,1.925,0.519,0.916
696,0.379,0,0,0,0,2.627,1.082,0.446,13.831,0.690,100,2.425,0.412,0.833
697,0.209,0,0,0,0,1.609,0.534,0.498,54.719,1.000,100,1.072,0.933,0.906
698,0.274,0,0,0,0,2.044,0.788,0.443,88.336,0.825,100,1.779,0.562,0.887
699,0.248,0,0,0,0,1.835,0.593,0.533,120.167,0.927,100,1.113,0.899,0.877
700,0.971,0,0,0,0,3.715,1.245,0.993,46.263,0.885,100,1.254,0.797,0.929
701,2.797,0,0,0,0,8.575,2.495,1.427,11.342,0.478,100,1.748,0.572,0.884
702,0.174,0,0,0,0,1.555,0.539,0.412,92.814,0.906,100,1.308,0.765,0.909
703,0.383,0,0,0,0,2.269,0.753,0.648,129.428,0.935,100,1.163,0.860,0.921
704,0.261,0,0,0,0,1.928,0.608,0.548,82.634,0.883,100,1.110,0.901,0.857
705,0.383,0,0,0,0,2.456,0.990,0.493,86.848,0.799,100,2.009,0.498,0.889
706,0.213,0,0,0,0,1.648,0.544,0.500,126.418,0.988,100,1.089,0.918,0.899
707,0.470,0,0,0,0,2.549,0.914,0.656,149.121,0.910,100,1.394,0.717,0.915
708,0.309,0,0,0,0,2.060,0.782,0.503,117.714,0.916,100,1.554,0.643,0.904
709,0.562,0,0,0,0,3.219,1.123,0.637,53.254,0.682,100,1.763,0.567,0.822
710,0.963,0,0,0,0,4.049,1.323,0.926,122.874,0.738,100,1.429,0.700,0.857
711,0.179,0,0,0,0,1.516,0.512,0.444,83.938,0.976,100,1.153,0.868,0.882
712,0.479,0,0,0,0,2.923,1.166,0.523,111.841,0.705,100,2.229,0.449,0.866
713,0.366,0,0,0,0,2.285,0.896,0.520,161.767,0.880,100,1.724,0.580,0.903
714,0.362,0,0,0,0,2.269,0.888,0.519,13.331,0.882,100,1.712,0.584,0.922
715,0.484,0,0,0,0,2.659,0.933,0.660,51.409,0.860,100,1.414,0.707,0.902
716,0.331,0,0,0,0,2.192,0.759,0.555,32.837,0.866,100,1.366,0.732,0.874
717,0.309,0,0,0,0,2.060,0.699,0.563,169.271,0.916,100,1.241,0.806,0.882
718,0.061,0,0,0,0,1.275,0.440,0.176,76.803,0.472,100,2.498,0.400,0.683
719,0.453,0,0,0,0,2.456,0.780,0.740,76.685,0.944,100,1.054,0.949,0.920
720,0.179,0,0,0,0,1.461,0.479,0.475,0.000,1.000,100,1.009,0.991,0.932
721,0.353,0,0,0,0,2.379,0.741,0.606,30.088,0.784,100,1.223,0.817,0.866
722,0.244,0,0,0,0,1.741,0.573,0.542,86.848,1.000,100,1.057,0.946,0.903
723,0.026,0,0,0,0,0.847,0.447,0.074,90.000,0.458,100,6.000,0.167,1.000
724,1.202,0,0,0,0,4.143,1.542,0.993,17.268,0.880,100,1.553,0.644,0.939
725,0.462,0,0,0,0,2.565,0.847,0.694,123.840,0.882,100,1.220,0.820,0.891
726,2.966,0,0,0,0,9.647,2.963,1.275,168.717,0.401,100,2.324,0.430,0.742
727,0.470,0,0,0,0,2.829,1.089,0.550,12.614,0.738,100,1.980,0.505,0.871
728,0.174,0,0,0,0,1.477,0.535,0.415,163.752,1.000,100,1.290,0.775,0.879
729,0.183,0,0,0,0,1.516,0.515,0.452,18.083,1.000,100,1.139,0.878,0.884
730,0.274,0,0,0,0,2.044,0.630,0.555,179.641,0.825,100,1.135,0.881,0.900
731,0.436,0,0,0,0,2.643,0.887,0.625,16.804,0.784,100,1.418,0.705,0.881
732,0.414,0,0,0,0,2.891,1.176,0.448,155.252,0.622,100,2.626,0.381,0.868
733,0.231,0,0,0,0,1.780,0.584,0.504,8.919,0.916,100,1.159,0.863,0.883
734,0.209,0,0,0,0,1.687,0.610,0.436,130.578,0.924,100,1.399,0.715,0.897
735,0.989,0,0,0,0,5.932,2.079,0.606,114.582,0.353,100,3.433,0.291,0.619
736,0.174,0,0,0,0,1.461,0.523,0.424,130.695,1.000,100,1.234,0.810,0.920
737,0.370,0,0,0,0,2.192,0.756,0.624,152.159,0.968,100,1.211,0.826,0.909
738,0.645,0,0,0,0,2.977,1.005,0.817,144.998,0.914,100,1.231,0.813,0.902
739,0.213,0,0,0,0,1.648,0.536,0.507,170.455,0.988,100,1.056,0.947,0.891
740,0.257,0,0,0,0,1.835,0.603,0.543,93.034,0.959,100,1.110,0.901,0.887
741,0.636,0,0,0,0,3.109,1.026,0.789,25.126,0.827,100,1.301,0.769,0.880
742,0.475,0,0,0,0,2.923,1.137,0.532,100.267,0.698,100,2.137,0.468,0.865
743,0.283,0,0,0,0,1.967,0.678,0.532,63.070,0.920,100,1.274,0.785,0.890
744,0.283,0,0,0,0,1.912,0.667,0.541,69.942,0.973,100,1.233,0.811,0.915
745,0.344,0,0,0,0,2.208,0.809,0.542,129.390,0.887,100,1.493,0.670,0.893
746,0.444,0,0,0,0,2.417,0.853,0.663,163.925,0.955,100,1.287,0.777,0.923
747,0.296,0,0,0,0,1.912,0.623,0.606,116.565,1.000,100,1.028,0.973,0.938
748,0.619,0,0,0,0,2.939,1.032,0.763,64.155,0.900,100,1.351,0.740,0.904
749,0.074,0,0,0,0,1.104,0.401,0.235,136.019,0.763,100,1.708,0.585,0.810
750,0.592,0,0,0,0,3.280,1.382,0.546,61.825,0.692,100,2.531,0.395,0.889
751,0.584,0,0,0,0,2.775,0.953,0.780,174.238,0.953,100,1.223,0.818,0.927
752,0.466,0,0,0,0,3.077,1.280,0.464,91.226,0.618,100,2.761,0.362,0.884
753,0.183,0,0,0,0,1.555,0.495,0.470,95.582,0.951,100,1.053,0.950,0.884
754,1.904,0,0,0,0,5.137,1.605,1.510,114.157,0.906,100,1.063,0.941,0.940
755,0.832,0,0,0,0,3.676,1.312,0.807,108.181,0.774,100,1.625,0.615,0.884
756,0.392,0,0,0,0,2.301,0.817,0.611,138.373,0.930,100,1.336,0.748,0.896
757,0.244,0,0,0,0,1.796,0.625,0.497,108.262,0.950,100,1.258,0.795,0.889
758,0.213,0,0,0,0,1.648,0.543,0.500,116.820,0.988,100,1.085,0.921,0.907
759,0.527,0,0,0,0,3.164,1.293,0.519,126.117,0.662,100,2.491,0.402,0.858
760,0.161,0,0,0,0,1.477,0.513,0.400,59.788,0.928,100,1.283,0.779,0.851
761,0.200,0,0,0,0,1.555,0.542,0.470,72.738,1.000,100,1.153,0.867,0.929
762,0.279,0,0,0,0,2.021,0.620,0.572,75.251,0.857,100,1.084,0.922,0.848
763,0.292,0,0,0,0,1.951,0.693,0.536,134.420,0.964,100,1.294,0.773,0.931
764,0.357,0,0,0,0,2.153,0.716,0.635,104.855,0.968,100,1.128,0.886,0.901
765,0.166,0,0,0,0,1.516,0.473,0.446,139.680,0.905,100,1.061,0.943,0.854
766,0.309,0,0,0,0,2.021,0.636,0.619,17.548,0.951,100,1.028,0.972,0.893
767,0.335,0,0,0,0,2.192,0.679,0.629,166.017,0.877,100,1.078,0.928,0.895
768,0.135,0,0,0,0,1.275,0.426,0.403,120.964,1.000,100,1.058,0.945,0.925
769,0.283,0,0,0,0,2.044,0.797,0.453,108.765,0.852,100,1.760,0.568,0.897
770,0.070,0,0,0,0,1.345,0.543,0.163,43.509,0.484,100,3.327,0.301,0.667
771,0.209,0,0,0,0,1.593,0.570,0.467,154.209,1.000,100,1.219,0.820,0.941
772,0.327,0,0,0,0,2.021,0.680,0.612,30.542,1.000,100,1.111,0.900,0.909
773,0.174,0,0,0,0,1.555,0.536,0.414,102.887,0.906,100,1.294,0.773,0.860
774,0.187,0,0,0,0,1.555,0.511,0.467,115.002,0.974,100,1.093,0.915,0.896
775,0.466,0,0,0,0,2.627,1.036,0.573,100.790,0.849,100,1.809,0.553,0.930
776,0.876,0,0,0,0,4.246,1.238,0.901,4.816,0.610,100,1.375,0.727,0.839
777,0.540,0,0,0,0,2.775,0.894,0.770,84.868,0.882,100,1.161,0.861,0.908
778,0.510,0,0,0,0,2.807,1.178,0.551,143.557,0.813,100,2.138,0.468,0.903
779,0.314,0,0,0,0,2.005,0.638,0.626,98.671,0.980,100,1.019,0.981,0.911
780,0.405,0,0,0,0,2.340,0.729,0.708,65.244,0.930,100,1.029,0.972,0.907
781,0.253,0,0,0,0,1.780,0.589,0.546,72.191,1.000,100,1.079,0.927,0.921
782,0.283,0,0,0,0,1.912,0.624,0.578,109.486,0.973,100,1.080,0.926,0.909
783,0.179,0,0,0,0,1.461,0.521,0.437,134.999,1.000,100,1.193,0.838,0.932
784,0.436,0,0,0,0,2.713,1.098,0.505,123.872,0.743,100,2.173,0.460,0.862
785,0.322,0,0,0,0,2.005,0.687,0.597,110.069,1.000,100,1.151,0.869,0.937
786,0.235,0,0,0,0,1.796,0.586,0.511,86.800,0.916,100,1.145,0.874,0.850
787,0.222,0,0,0,0,1.687,0.583,0.485,101.043,0.981,100,1.201,0.832,0.927
788,0.261,0,0,0,0,2.417,0.866,0.384,96.068,0.562,100,2.255,0.443,0.863
789,0.266,0,0,0,0,1.819,0.654,0.518,148.779,1.000,100,1.263,0.792,0.946
790,0.562,0,0,0,0,3.280,1.130,0.633,2.146,0.656,100,1.785,0.560,0.878
791,0.235,0,0,0,0,1.780,0.566,0.529,7.759,0.933,100,1.070,0.935,0.893
792,0.270,0,0,0,0,1.819,0.625,0.550,74.353,1.000,100,1.136,0.881,0.939
793,0.196,0,0,0,0,1.571,0.515,0.485,84.358,0.998,100,1.062,0.941,0.891
794,0.240,0,0,0,0,1.889,0.719,0.424,121.471,0.843,100,1.693,0.591,0.873
795,0.248,0,0,0,0,1.835,0.589,0.537,81.854,0.927,100,1.098,0.911,0.877
796,0.357,0,0,0,0,2.395,1.013,0.449,132.765,0.783,100,2.255,0.443,0.863
797,0.767,0,0,0,0,3.521,1.428,0.684,153.838,0.777,100,2.088,0.479,0.907
798,0.209,0,0,0,0,1.593,0.550,0.484,90.000,1.000,100,1.137,0.879,0.941
799,0.170,0,0,0,0,1.461,0.487,0.444,90.000,1.000,100,1.096,0.913,0.907
800,0.427,0,0,0,0,2.659,1.097,0.495,35.015,0.759,100,2.216,0.451,0.875
801,0.161,0,0,0,0,1.439,0.484,0.424,71.712,0.978,100,1.140,0.877,0.851
802,0.409,0,0,0,0,2.527,0.774,0.674,154.540,0.806,100,1.148,0.871,0.866
803,0.231,0,0,0,0,1.741,0.552,0.532,127.211,0.957,100,1.038,0.964,0.876
804,0.327,0,0,0,0,2.021,0.756,0.550,44.231,1.000,100,1.376,0.727,0.926
805,0.592,0,0,0,0,3.000,1.034,0.730,91.947,0.827,100,1.417,0.706,0.916
806,0.196,0,0,0,0,1.593,0.532,0.469,93.859,0.970,100,1.132,0.883,0.909
807,0.388,0,0,0,0,2.269,0.832,0.593,16.094,0.946,100,1.402,0.713,0.937
808,0.309,0,0,0,0,2.060,0.771,0.511,24.517,0.916,100,1.509,0.663,0.904
809,0.253,0,0,0,0,2.005,0.690,0.466,102.238,0.789,100,1.482,0.675,0.906
810,0.218,0,0,0,0,1.687,0.531,0.522,106.888,0.962,100,1.018,0.982,0.901
811,0.161,0,0,0,0,1.423,0.470,0.437,30.687,1.000,100,1.074,0.931,0.881
812,0.362,0,0,0,0,2.401,0.960,0.479,93.321,0.788,100,2.004,0.499,0.878
813,0.383,0,0,0,0,2.208,0.737,0.663,81.131,0.988,100,1.112,0.899,0.912
814,0.270,0,0,0,0,2.005,0.691,0.497,5.242,0.844,100,1.390,0.720,0.886
815,0.287,0,0,0,0,1.951,0.714,0.513,41.284,0.949,100,1.393,0.718,0.936
816,0.357,0,0,0,0,2.588,1.105,0.412,76.534,0.670,100,2.685,0.372,0.859
817,0.854,0,0,0,0,3.724,1.327,0.819,125.300,0.774,100,1.619,0.618,0.883
818,0.592,0,0,0,0,3.109,0.990,0.762,58.726,0.770,100,1.300,0.769,0.904
819,0.192,0,0,0,0,1.555,0.526,0.464,93.546,0.996,100,1.134,0.882,0.907
820,0.209,0,0,0,0,1.648,0.554,0.481,32.796,0.967,100,1.152,0.868,0.897
821,0.401,0,0,0,0,2.340,0.794,0.643,97.043,0.920,100,1.236,0.809,0.898
822,0.218,0,0,0,0,1.687,0.568,0.488,97.798,0.962,100,1.165,0.858,0.909
823,0.200,0,0,0,0,1.609,0.514,0.496,134.994,0.972,100,1.036,0.965,0.868
824,0.279,0,0,0,0,1.928,0.750,0.473,128.789,0.942,100,1.586,0.631,0.901
825,0.523,0,0,0,0,3.319,1.405,0.474,111.873,0.596,100,2.968,0.337,0.851
826,0.174,0,0,0,0,1.500,0.489,0.454,109.794,0.973,100,1.077,0.929,0.909
827,0.218,0,0,0,0,1.725,0.648,0.428,67.737,0.919,100,1.516,0.659,0.909
828,0.714,0,0,0,0,3.132,0.983,0.925,80.930,0.915,100,1.062,0.941,0.927
829,0.427,0,0,0,0,2.527,1.021,0.532,51.602,0.840,100,1.919,0.521,0.907
830,0.279,0,0,0,0,1.928,0.675,0.526,37.375,0.942,100,1.283,0.779,0.889
831,0.531,0,0,0,0,2.681,0.858,0.789,132.022,0.929,100,1.087,0.920,0.914
832,0.967,0,0,0,0,3.692,1.373,0.897,151.737,0.891,100,1.530,0.654,0.935
833,0.039,0,0,0,0,0.879,0.322,0.155,68.199,0.638,100,2.083,0.480,0.750
834,0.344,0,0,0,0,2.099,0.672,0.652,142.455,0.982,100,1.030,0.971,0.924
835,0.248,0,0,0,0,1.780,0.684,0.462,142.926,0.985,100,1.481,0.675,0.927
836,0.662,0,0,0,0,3.576,1.512,0.557,148.061,0.651,100,2.713,0.369,0.869
837,0.235,0,0,0,0,1.780,0.647,0.463,39.986,0.933,100,1.397,0.716,0.900
838,0.401,0,0,0,0,2.379,0.768,0.664,143.502,0.890,100,1.156,0.865,0.876
839,0.209,0,0,0,0,1.687,0.596,0.447,136.863,0.924,100,1.335,0.749,0.906
840,0.235,0,0,0,0,1.796,0.688,0.436,134.492,0.916,100,1.578,0.634,0.878
841,0.697,0,0,0,0,3.856,1.076,0.825,76.294,0.589,100,1.304,0.767,0.814
